Name,Gender,Origin.1,Origin.2,Origin.3,Origin.4
Aadaan,M,Somali,,,
Aadam,M,Urdu,Somali,Estonian,
Aaden,M,Somali,,,
Aamiina,F,Somali,,,
Abadir,M,Arabic,Bohairic,Sahidic,
Abaynesh,F,Amharic,,,
Abdi,M,Somali,Indonesian,Turkish,
Abdikadir,M,Somali,,,
Abdirahim,M,Somali,,,
Abdirahman,M,Somali,,,
Abdirizak,M,Somali,,,
Abdulkadir,M,Somali,,,
Abdullahi,M,Somali,Nigerian,,
Abduwali,M,Uyghur,Somali,,
Abebe,M,Amharic,Ethiopian,,
Abebech,F,Amharic,Ethiopian,,
Abera,M,Ethiopian,,,
Abigaili,F,Biblical,Swahili,,
Abikanile,F,Yao,,,
Abiy,M,Amharic,,,
Aboyo,F,Luo,,,
Abreham,M,Ethiopian,,,
Abrihet,F,Tigrinya,,,
Abshir,M,Somali,,,
Abuk,F,Dinka,,,
Abungu,F,Luo,,,
Abuto,F,Luo,,,
Achan,F,Dinka,,,
Adamu,M,Amharic,Swahili,Hausa,
Adan,M,Somali,,,
Adanech,F,Amharic,,,
Addimew,M,Amharic,,,
Addisu,M,Ethiopian,,,
Adede,F,Luo,,,
Aden,M,Somali,,,
Adhra,F,Swahili,,,
Adia,F,Igede,Swahili,,
Admase,M,Amharic,,,
Admassu,M,Amharic,,,
Admasu,M,Eastern African,Amharic,,
Adua,F,Tigrinya,Italian,,
Aduor,F,Eastern African,Luo,,
?feworq,M,Ethiopian,French,,
Afwerki,M,Tigrinya,Ethiopian,,
Agwang,F,Luo,,,
Aimut,M,Amharic,,,
Ajuoga,F,Luo,,,
Akello,F,Luo,,,
Aketch,F,Luo,,,
Akiki,M,Eastern African,Nkore,,
Aklilu,M,Tigrinya,,,
Alame,M,Amharic,,,
Alazar,M,Ethiopian,,,
Aleeki,M,Somali,,,
Alek,F,Eastern African,Dinka,,
Alemnesh,F,Ethiopian,Amharic,,
Alemu,M,Amharic,,,
Alile,F,Yao,,,
Alimazi,F,Amharic,,,
Aluoch,F,Luo,,,
Aman,M,Tigrinya,,,
Amani,F,Tigrinya,,,
Ambesa,M,Ethiopian,,,
Ambesa,F,Tigrinya,,,
Ambesa,M,Amharic,,,
Ambilike,M,Nyakyusa,,,
Amburo,F,Somali,,,
Amesemi,F,Eastern African,,,
Amha,M,Amharic,,,
Amibesa,F,Amharic,,,
Amleset,F,Tigrinya,,,
Ammanuel,M,Ethiopian,,,
Amondi,F,Swahili,,,
Amri,M,Swahili,Arabic,,
Anasa,F,Swahili,,,
Anbesa,M,Amharic,,,
Anbessa,M,Tigrinya,,,
Andulile,M,Nyakyusa,,,
Andwele,M,Swahili,,,
Angavu,M,Swahili,,,
Anibesa,M,Amharic,,,
Anyang,F,Luo,,,
Anza,F,Swahili,South African,Pakistani,
Aragsan,F,Somali,,,
Aranchi,F,Tigrinya,,,
Araya,M,Tigrinya,,,
Areyhu,F,Ethiopian,,,
Armana,F,Tigrinya,,,
Arsema,F,Amharic,,,
Arusi,F,Swahili,,,
Asadi,M,Eastern African,,,
Asali,F,Swahili,,,
Asani,M,Swahili,,,
Asatira,F,Swahili,,,
Asegelile,M,Nyakyusa,,,
Asegid,M,Amharic,,,
Aselefech,F,Ethiopian,,,
Ashegari,F,Amharic,,,
Ashkir,M,Somali,,,
Askale,F,Amharic,,,
Asli,F,Somali,,,
Asmeret,F,Tigrinya,,,
Asmini,F,Swahili,,,
Assemahegn,M,Amharic,,,
Assie,F,Oromo,,,
Aster,F,Amharic,,,
Astur,F,Somali,,,
Athumani,M,Swahili,,,
Atiena,F,Swahili,,,
Awash,M,Amharic,,,
Awino,F,Luo,,,
Awuor,F,Luo,,,
Ayan,F,Somali,,,
Ayana,F,Amharic,,,
Ayana,F,Eastern African,,,
Ayanle,M,Somali,,,
Ayanna,F,Eastern African,African American,Jamaican Patois,
Ayantu,F,Ethiopian ,,,
Ayele,M,Eastern African,Amharic,,
Ayelech,F,Amharic,Ethiopian,,
Ayen,F,Dinka,,,
Ayou,F,Amharic,Ethiopian,,
Azizi,M,Swahili,,,
Azmera,F,Amharic,,,
Bahiru,M,Ethiopian,,,
Bahru,M,Nyamwezi,,,
Bahta,M,Nuer,,,
Bakaffa,M,Ethiopian,,,
Bakari,M,Ethiopian,,,
Balahegaru,M,Swahili,,,
Banjaw,M,Somali,,,
Baraki,M,Eastern African,,,
Barkhad,M,Swahili,,,
Barni,F,Ethiopian,,,
Barre,M,Somali,,,
Baruk,M,Eastern African,,,
Baseleyos,M,Eastern African,,,
Bashiir,M,Somali,,,
Batuulo,F,Somali,,,
Baxsan,F,Somali,,,
Bedalu,M,Amharic,,,
Befeqadu,M,Amharic,,,
Bekele,M,Eastern African,Amharic,,
Bekelech,F,Amharic,,,
Belayneh,M,Eastern African,Amharic,,
Belaynesh,F,Eastern African,Amharic,,
Belendia,M,Amharic,,,
Belete,M,Ethiopian,,,
Beliyu-Work,F,Amharic,,,
Benmet,M,Amharic,,,
Berekhet,M,Tigrinya,,,
Beruk,M,Ethiopian,,,
Beselot,F,Amharic,,,
Beshi,M,Amharic,,,
Betami,F,Amharic,,,
Betelihem,F,Ethiopian,,,
Beydaan,F,Somali,,,
Beyene,M,Amharic,,,
Beza,F,Ethiopian,,,
Bilaal,M,Somali,Indian,Gujarati,
Bilan,F,Somali,,,
Bilen,F,Tigrinya,,,
Bilen,F,Amharic,,,
Billan,F,Somali,,,
Birabiro,F,Amharic,,,
Biritu,M,Amharic,,,
Birru,M,Amharic,,,
Birtukan,F,Ethiopian,,,
Biruk,M,Ethiopian,,,
Bit'A,F,Amharic,,,
Bitanya,F,Ethiopian,,,
Bomani,M,Yao,,,
Bonabana,F,Tooro,,,
Bonnyventure,M,Eastern African,,,
Boruk,M,Ethiopian,,,
Burhaan,M,Somali,Arabic,,
Busara,F,Swahili,,,
Buseje,F,Yao,,,
Bushebi,M,Luhya,,,
Buux,M,Somali,,,
Bwire,M,Eastern African,,,
Caa'Isha,F,Somali,,,
Cabaas,M,Somali,,,
Cabdi,M,Somali,,,
Cabdille,M,Somali,,,
Cabdiqaadir,M,Somali,,,
Cabdiraxmaan,M,Somali,,,
Cabdirisaaq,M,Somali,,,
Cabdul,M,Somali,,,
Cabdullahi,M,Somali,,,
Cabdulmajiid,M,Somali,,,
Canab,F,Somali,,,
Caweys,M,Somali,,,
Cawil,M,Somali,,,
Cawo,F,Somali,,,
Caynaanshe,M,Somali,,,
Chaltu,F,Eastern African,Oromo,,
Chan,M,Dinka,,,
Chaniya,F,Swahili,,,
Chausiki,F,Swahili,,,
Chege,M,Kikuyu,,,
Cheja,F,Kaguru,,,
Cheri,F,Amharic,,,
Chernet,M,Amharic,,,
Cheru,M,Amharic,,,
Cheusi,M,Swahili,,,
Chigenda,M,Kaguru,,,
Chilongola,M,Kaguru,,,
Chimola,M,Kaguru,,,
Chitemo,M,Kaguru,,,
Chiwa,F,Yao,,,
Cigaal,M,Somali,,,
Ciise,M,Somali,,,
Cilmi,M,Somali,,,
Coloow,M,Somali,,,
Credonia,F,Eastern African,,,
Cumar,M,Somali,,,
Daahir,M,Somali,,,
Daa'Uud,M,Somali,,,
Dagm,M,Amharic,,,
Dagmawit,F,Eastern African,Amharic,,
Dahir,M,Somali,,,
Dai,M,Swahili,,,
Dalili,F,Swahili,,,
Damamli,F,Eastern African,,,
Dammenech,F,Amharic,,,
Daniachew,M,Amharic,,,
Daniat,F,Tigrinya,,,
Dativa,F,Eastern African,Portuguese,Spanish,Filipino
Dative,F,Eastern African,,,
Deeqa,F,Somali,,,
Defere,M,Amharic,,,
Degawayna,M,Somali,,,
Deginet,M,Amharic,,,
Degmo,F,Somali,,,
Delnesahu,M,Amharic,,,
Demeteriya,F,Eastern African,,,
Demissie,M,Amharic,,,
Deneke,M,Amharic,,,
Derartu,F,Ethiopian,,,
Dereje,M,Eastern African,Amharic,,
Deressa,M,Eastern African,Amharic,,
Deresse,M,Ethiopian,Amharic,,
Desita,F,Amharic,,,
Deus,M,Eastern African,,,
Dhiiraan,M,Somali,,,
Diiriye,M,Somali,,,
Dikamellesh,F,Amharic,,,
Dinkinesh,F,Amharic,,,
Dires,M,Amharic,,,
Diric,M,Somali,,,
Dulani,M,Yao,,,
Duma,M,Swahili,,,
Dunia,M,Swahili,,,
Ebong,M,Luo,,,
Efrem,M,Amharic,,,
Egal,M,Somali,,,
Ejegayehu,F,Ethiopian,,,
Ejigayehu,F,Amharic,Ethiopian,,
Ejjegayyahu,F,Amharic,,,
Ekundu,M,Swahili,,,
Elbetel,F,Ethiopian,,,
Elizabeti,F,Amharic,,,
Elleni,F,Amharic,,,
Elsabet,F,Amharic,,,
Elyas,M,Amharic,,,
Emebet,F,Ethiopian,Amharic,,
Emiya,F,Amharic,,,
Enku,F,Amharic,,,
Ermias,M,Ethiopian,,,
?esato,F,Eastern African,Amharic,,
Esitala,F,Nyakyusa,,,
Esset-Ab,F,Amharic,,,
Estifanos,M,Amharic,,,
Estomihi,M,Eastern African,Indonesian,,
Etana,F,Eastern African,,,
Eyasu,M,Amharic,,,
Eyob,M,Ethiopian,,,
Faadumo,F,Somali,,,
Faarax,M,Somali,,,
Faaruuq,M,Somali,,,
Faduma,F,Eastern African,Somali,,
Fahmo,F,Somali,,,
Faisa,F,Swahili,,,
Fardowsa,F,Somali,,,
Farhiya,F,Swahili,Somali,,
Fartuun,F,Somali,,,
Fasika,M,Amharic,,,
Fassil,M,Amharic,,,
Fatuma,F,Eastern African,Swahili,Amharic,Somali
Feiven,F,Ethiopian,,,
Feker,F,Amharic,,,
Felleke,M,Amharic,,,
Ferede,M,Amharic,,,
Fessehaye,M,Tigrinya,,,
Fetene,M,Amharic,,,
Fetera,F,Amharic,,,
Fethudin,M,Ethiopian,,,
Fikiri,F,Amharic,,,
Fikre,F,Ethiopian,,,
Fikru,M,Amharic,,,
Frankline,M,Eastern African,Nigerian,,
Freyhiwot,F,Ethiopian,Amharic,,
Frezer,F,Amharic,,,
Fwaya,M,Luo,,,
Gabra,F,Ethiopian,,,
Gacayte,M,Somali,,,
Gadiid,M,Somali,,,
Gakuh?,F,Kikuyu,,,
Galayax,M,Somali,,,
Galbeyte,M,Somali,,,
Garang,M,Dinka,,,
Gashaw,M,Amharic,,,
Gathua,M,Kikuyu,,,
Gebire’Liwa,F,Amharic,,,
Gebre’Elwa,F,Amharic,,,
Gedamnesh,F,Ethiopian,,,
Geedi,M,Somali,,,
Geesi,F,Somali,,,
Gelagile,M,Amharic,,,
Gelila,F,Ethiopian,,,
Gemechu,M,Eastern African,Oromo,,
Genat,F,Amharic,,,
Genet,F,Ethiopian,,,
Genzebe,F,Ethiopian,,,
Getachew,M,Eastern African,Amharic,,
Getaneh,M,Amharic,,,
Gethera,F,Swahili,,,
Giyorgis,M,Amharic,,,
Glovanna,F,Eastern African,,,
Gnet,F,Ethiopian,Amharic,,
Goli,F,Kaguru,,,
Goma,F,Swahili,,,
Gorfu,M,Amharic,,,
Goshu,M,Amharic,,,
Gudeta,M,Amharic,,,
Gudit,F,Eastern African,Ge'ez,,
Guled,M,Somali,,,
Guor,M,Eastern African,Dinka,,
Gurey,M,Somali,,,
Guuleed,M,Somali,,,
Haben,F,Tigrinya,,,
Habido,F,Somali,,,
Habsade,M,Somali,,,
Habtom,M,Tigrinya,,,
Hadithi,M,Swahili,,,
Hadnet,F,Tigrinya,,,
Hagos,M,Tigrinya,,,
Haiba,F,Swahili,,,
Hail,M,Eastern African,,,
Haile,M,Ge'ez,Amharic,Ethiopian,
Hailemariam,M,Amharic,,,
Hakiem,M,Ethiopian,Amharic,,
Hakizimana,M,Rwandan,Rundi,,
Halimo,F,Somali,,,
Halisi,F,Swahili,,,
Hamelmal,F,Amharic,,,
Hanja,F,Swahili,,,
Harambee,M,Swahili,,,
Hawi,F,Ethiopian,,,
Hibaaq,F,Somali,,,
Hibaq,F,Somali,,,
Hidaya,F,Swahili,,,
Hirsi,M,Somali,,,
Hiruth,F,Ethiopian,,,
Hiwet,F,Amharic,Ethiopian,,
Hoodo,F,Somali,,,
Ibraahiim,M,Somali,,,
Ibraahim,M,Somali,,,
Ibraahin,M,Somali,,,
Ibrahiim,M,Somali,,,
Ibsituu,F,Eastern African,Oromo,,
Idil,F,Somali,,,
Idiris,M,Somali,,,
Iftiin,F,Somali,,,
Imara,F,Swahili,,,
Iniku,F,Amharic,,,
Irgetu,M,Amharic,,,
Isaack,M,Eastern African,Dutch,,
Isaaq,M,Somali,,,
Isack,M,Eastern African,,,
Isaya,M,Swahili,,,
Isayyas,M,Amharic,,,
Iskinder,M,Amharic,,,
Ismaaciil,M,Somali,,,
Ismahan,F,Somali,Persian,Arabic,
Issack,M,Eastern African,Somali,Swahili,English
Isse,M,Somali,,,
Isxaaq,M,Somali,,,
Itanya,F,Swahili,,,
Ituri,M,Swahili,,,
Ityoppya,F,Amharic,,,
Iyassu,M,Ethiopian,,,
Iyasus,M,Ethiopian,,,
Iyob,M,Amharic,,,
Izabeli,F,Amharic,,,
Jaamac,M,Somali,,,
Jakubu,M,Kikuyu,,,
Jama,M,Somali,,,
Jana,F,Swahili,,,
Jasiri,F,Swahili,,,
Jawaahir,F,Somali,,,
Jemal,M,Abkhaz,Amharic,Georgian,
Jember,F,Amharic,,,
Jemere,M,Amharic,,,
Jibriil,M,Somali,,,
Jina,F,Swahili,,,
Jira,M,Ethiopian,,,
Johani,M,Nyakyusa,,,
Johnson,M,Eastern African,Eastern African,,
Josephat,M,Eastern African,,,
Joswa,M,Nyakyusa,,,
Juma,M,Arabic,Swahili,,
Kaari,F,Eastern African,Ameru,,
Kadesha,F,Swahili,,,
Kadihungila,M,Kaguru,,,
Kahinu,M,Eastern African,Ge'ez,Amharic,Tigrinya
Kakuju,M,Nyakyusa,,,
Kakwanzi,F,Tooro,,,
Kalifa,F,Somali,,,
Kaluwa,F,Swahili,,,
Kashangaki,M,Swahili,,,
Kaskazi,F,Swahili,,,
Katavi,M,Nyamwezi,,,
Kawesa,M,Ganda,,,
Kayumba,M,Rwandan,,,
Kebede,M,Eastern African,Amharic,,
Kebere,M,Amharic,,,
Kebirungi,F,Tooro,,,
Keenadiid,M,Somali,,,
Keeynaan,M,Somali,,,
Keita,M,Eastern African,,,
Kelemi,F,Amharic,,,
Kenenisa,M,Ethiopian,,,
Kenna,M,Ethiopian,,,
Kenyetta,F,Eastern African,,,
Kerubo,F,Gusii,,,
Khaalid,M,Somali,,,
Khadiija,F,Somali,,,
Khadra,F,Somali,,,
Khalif,M,Arabic,Somali,,
Kiah,F,Swahili,,,
Kiapo,M,Swahili,,,
Kibafupia,F,Swahili,,,
Kibibi,F,Swahili,,,
Kibriye,M,Amharic,,,
Kijani,M,Swahili,,,
Kilasa,F,Nyakyusa,,,
Kimana,F,Eastern African,Eastern African,,
Kimbilio,M,Swahili,,,
Kimelo,M,Nyakyusa,,,
Kimya,F,Swahili,,,
Kinaya,F,Swahili,,,
Kinubi,M,Swahili,,,
Kiojah,F,Swahili,,,
Kipepeo,F,Swahili,,,
Kisa,F,Nyakyusa,,,
Kisakye,F,Eastern African,,,
Kisima,F,Swahili,,,
Kissa,F,Ganda ,,,
Kittaw,M,Amharic,,,
Kiume,M,Swahili,,,
Kiura,M,Kikuyu,,,
Kiwara,F,Swahili,,,
Kiya,F,Eastern African,,,
Kobugabe,F,Tooro,,,
Koburunga,F,Tooro,,,
Kokebe,M,Amharic,,,
Kokebi,F,Amharic,,,
Konijo,F,Amharic,,,
Kovu,M,Swahili,,,
Kunyonywa,M,Nyakyusa,,,
Kurunzi,M,Swahili,,,
Kusiima,M,Ganda,Swahili,Kiga,
Kwamboka,F,Gusii,,,
Kweli,F,Swahili,,,
Kwoth,M,Nuer,Nuer,,
Ladan,F,Somali,,,
Laheli,F,Nyakyusa,,,
Lailati,F,Indonesian,Swahili,,
Lamessa,M,Oromo,,,
Lami,M,Eastern African,Oromo,,
Leensaa,F,Ethiopian,,,
Legese,M,Amharic,,,
Legesse,M,Eastern African,Amharic,,
Leliftu,F,Eastern African,Oromo,,
Lemlem,F,Amharic,,,
Leor,M,Ethiopian,,,
Leylo,F,Somali,,,
Liban,M,Arabic,Somali,,
Libin,F,Somali,,,
Lihuti,M,Nyakyusa,,,
Liibaan,M,Somali,,,
Likanos,M,Ethiopian,Ethiopian,,
Lindima,M,Nyakyusa,,,
Liya,F,Eastern African,Ethiopian,,
Lodya,F,Ganda,,,
Looyaan,M,Somali,,,
Lugano,M,Kaguru,,,
Lulia,F,Tigrinya,,,
Lusajo,M,Nyakyusa,,,
Lusekelo,M,Nyakyusa,,,
Lutalo,M,Ganda,,,
Luti,F,Nyakyusa,,,
Luul,M,Somali,,,
Luula,F,Somali,,,
Mabior,M,Dinka,,,
Mabok,M,Dinka,,,
Mabratu,M,Amharic,,,
Machar,M,Dinka,,,
Madaha,F,Swahili,,,
Madhil,M,Dinka,,,
Madin,M,Dinka,,,
Madini,F,Swahili,,,
Madit,M,Dinka,,,
Magan,M,Somali,,,
Magaya,F,Kaguru,,,
Magot,M,Dinka,,,
Mahad,M,Somali,,,
Mahamed,M,Arabic,Somali,,
Mahamoudou,M,Eastern African,,,
Mahrem,M,Ethiopian,,,
Mahunde,F,Tooro,,,
Maisha,F,Swahili,,,
Maiyah,F,Eastern African,,,
Majani,F,Swahili,,,
Majok,M,Dinka,,,
Makari,M,Amharic,,,
Maker,M,Dinka,,,
Makoi,M,Dinka,,,
Makonnen,M,Eastern African,Amharic,,
Malek,M,Dinka,,,
Malija,F,Nyakyusa,,,
Malith,M,Dinka,,,
Maliza,F,Swahili,,,
Mamo,M,Ethiopian,,,
Manute,M,Dinka,,,
Maqdis,F,Somali,,,
Maragarita,F,Haya,,,
Marial,M,Dinka,,,
Mariamu,F,Swahili,,,
Marini,F,Swahili,,,
Mariyamu,F,Haya,,,
Maryama,F,Maghrebi,Somali,,
Marye,F,Amharic,,,
Masfin,M,Ethiopian,,,
Masingisa,M,Kaguru,,,
Mataan,M,Somali,,,
Matete,M,Kaguru,,,
Matewos,M,Amharic,,,
Mateyas,M,Amharic,,,
Mathius,M,Eastern African,,,
Matiwos,M,Ethiopian,Amharic,,
Mavuno,M,Swahili,,,
Maxahmed,M,Somali,,,
Maxamad,M,Somali,,,
Maxamud,M,Somali,,,
Maxamuud,M,Somali,,,
Maxbuub,M,Somali,,,
Mayen,M,Dinka,,,
Maygaag,M,Somali,,,
Mayom,M,Dinka,,,
Mbilime,F,Kaguru,,,
Mebrahtu,M,Tigrinya,,,
Mebrate,M,Amharic,,,
Medene,M,Amharic,,,
Mediferiash-Work,F,Amharic,,,
Mej,M,Gusii,Ibibio,,
Mekre,M,Amharic,,,
Melaku,M,Ethiopian,,,
Menelik,M,Ge'ez,Amharic,,
Mengistu,M,Eastern African,Amharic,,
Mesfin,M,Eastern African,Amharic,,
Meshesha,M,Amharic,,,
Mesi,F,Yao,,,
Meskerem,F,Ethiopian,,,
Miaza,F,Ethiopian,,,
Miesi,F,Yao,,,
Minyahil,M,Amharic,Ethiopian,,
Mirach,M,Amharic,,,
Misrak,F,Ethiopian,,,
Mitiku,M,Amharic,Ethiopian,,
Mkarkara,F,Swahili,,,
Mogad,M,Amharic,,,
Mogas,M,Amharic,,,
Moges,M,Eastern African,Amharic,,
Monyyak,M,Dinka,,,
Moorgan,M,Somali,,,
Mpoki,M,Nyakyusa,,,
Mrihani,F,Swahili,,,
Mugoli,M,Kaguru,,,
Muhiyadiin,M,Somali,,,
Múkabi,M,Kikuyu,,,
Mukejuwa,F,Kaguru,,,
Mulatu,M,Amharic,,,
Mulele,M,Swahili,,,
Mulki,F,Somali,,,
Mulu,M,Amharic,,,
Mulugeta,M,Amharic,,,
Mumima,F,Somali,,,
Mungongege,M,Nyakyusa,,,
Munyika,M,Kaguru,,,
Muringa,F,Kikuyu,,,
Muruthi,M,Kikuyu,,,
Muse,M,Somali,,,
Musiwanda,M,Kaguru,,,
Musongwe,M,Kaguru,,,
Mustafe,M,Somali,,,
Mustaphe,M,Somali,,,
Muuse,M,Somali,,,
Muxammad,M,Somali,,,
Mwakatumbula,M,Nyakyusa,,,
Mwamini,F,Swahili,,,
Mwara,F,Kikuyu,,,
Mwaura,M,Kikuyu,,,
Mwesigwa,M,Ganda,,,
Mwezi,M,Swahili,,,
Naaleeye,M,Somali,,,
Nabirye,F,Eastern African,,,
Nadifa,F,Somali,,,
Nahom,M,Eastern African,,,
Naisenya,F,Eastern African,,,
Najuma,F,Swahili,,,
Nakaaya,F,Eastern African,,,
Naki,F,Swahili,,,
Nala,F,Somali,,,
Nantio,F,Eastern African,Rendille,,
Nardos,F,Ethiopian,Biblical,Spanish,
Nashipie,F,Swahili,,,
Nasteexo,F,Somali,,,
Nasteho,F,Somali,,,
Nathari,F,Swahili,,,
Natnael,M,Eastern African,Amharic,,
Nayfa,F,Swahili,,,
Ndabiti,M,Nyamwezi,,,
Ndiane,M,Kaguru,,,
Ndigwako,F,Nyakyusa,,,
Ndimbuni,F,Nyakyusa,,,
Nebiri,F,Amharic,,,
Neema,F,Eastern African,Western African,,
Negash,M,Amharic,,,
Negasi,M,Ethiopian,,,
Negatu,M,Amharic,,,
Negese,M,Amharic,,,
Negewo,M,Amharic,,,
Negus,M,Tigrinya,,,
Neguse,M,Amharic,,,
Nelah,F,Swahili,,,
Nelugendo,F,Kaguru,,,
Nemariam,M,Ethiopian,,,
Nesuha,F,Ethiopian,,,
Ngamia,M,Swahili,,,
Ngeni,M,Swahili,,,
Nghaminyigwe,M,Kaguru,,,
Nghenakwe,M,Kaguru,,,
Ngigi,M,Kikuyu,,,
Ngor,M,Dinka,,,
Niara,F,Eastern African,Swahili,,
Nigesa,F,Swahili,,,
Nimo,F,Somali,,,
Nitzana,F,Ethiopian,,,
Njau,M,Kikuyu,,,
Njoki,F,Kikuyu,,,
Njoroge,M,Kikuyu,,,
Njozi,F,Swahili,,,
Noham,M,Tigrinya,,,
Nuhu,M,Hausa,Swahili,,
Nuradin,M,Arabic,Georgian,Kazakh,Somali
Nuux,M,Somali,,,
Nwabudike,M,Swahili,,,
Nyabeel,F,Nuer,,,
Nyaboke,F,Gusii,,,
Nyag?ra,F,Kikuyu,,,
Nyakeru,F,Kikuyu,,,
Nyambugi,F,Kikuyu,,,
Nyamiti,F,Kaguru,,,
Nyapal,F,Nuer,,,
Nyaring,F,Dinka,,,
Nyaruai,F,Kikuyu,,,
Nyaw?ra,F,Kikuyu,,,
Nyokabi,F,Kikuyu,,,
Nyoni,F,Swahili,,,
Nyuki,F,Swahili,,,
Obiri,M,Eastern African,,,
Oduor,M,Luo,,,
Okoth,M,Luo,,,
Olol,M,Somali,,,
Oluoch,M,Luo,,,
Ondiek,M,Luo,,,
Onesmus,M,Eastern African,,,
Orera,F,Southern African,Spanish,,
Otiya,M,Eastern African,Luo,,
Ozoro,F,Eastern African,,,
Pambe,M,Eastern African,Swahili,,
Panya,F,Swahili,,,
Paskalia,F,Swahili,,,
Pawlos,M,Amharic,,,
Petelu,M,Nyakyusa,,,
Proscovia,F,Eastern African,,,
Prossy,F,Eastern African,,,
Pumbaa,M,Popular Culture,Swahili,,
Qalanjo,M,Somali,,,
Qamaan,M,Somali,,,
Qorane,M,Somali,,,
Raage,M,Somali,,,
Raaxo,F,Somali,,,
Rahwa,F,Tigrinya,,,
Raila,M,Luo,,,
Raqiiyaa,F,Somali,,,
Raxmaan,M,Somali,,,
Raxmo,F,Somali,,,
Reabetswe,F,Somali,,,
Reda,M,Amharic,,,
Redie,M,Amharic,,,
Rehema,F,Eastern African,,,
Romodan,M,Eastern African,,,
Rooble,M,Somali,,,
Rubani,M,Swahili,,,
Rungo,M,Swahili,,,
Saare,M,Tigrinya,,,
Sabola,M,Yao,,,
Saciid,M,Somali,,,
Sadaka,M,Swahili,,,
Sadao,F,Swahili,,,
Sadiki,M,Swahili,,,
Sador,M,Ethiopian,,,
Sadora,F,Ethiopian,,,
Sagal,F,Somali,,,
Sahra,F,Somali,Arabic,German,
Saiti,M,Nyakyusa,,,
Sakabeju,F,Nyakyusa,,,
Sakabwesye,F,Nyakyusa,,,
Sakalenge,F,Nyakyusa,,,
Sakariye,M,Somali,,,
Saleebaan,M,Somali,,,
Salujoja,F,Nyakyusa,,,
Salume,F,Nyakyusa,,,
Samakaab,M,Somali,,,
Samalasele,F,Nyakyusa,,,
Samanya,F,Kaguru,,,
Samatar,M,Somali,,,
Samiiro,F,Somali,,,
Samrawit,F,Ethiopian,,,
Samuu'Eel,M,Somali,,,
Samweli,M,Swahili,,,
Sarabi,F,Swahili,,,
Sarafina,F,Swahili,,,
Sauti,F,Swahili,,,
Scovia,F,Eastern African,,,
Seare,M,Ethiopian,Eritrean,,
Sebie,F,Ethiopian,,,
Sehin,F,Amharic,,,
Seif,M,Maghrebi,Egyptian,Swahili,
Sekaryaah,M,Somali,,,
Selamawit,F,Amharic,Ethiopian,,
Semegne,M,Amharic,,,
Semere,M,Ethiopian,,,
Semira,F,Amharic,Turkish,Bosnian,
Senai,M,Tigrinya,Ethiopian,,
Senyagwa,M,Kaguru,,,
Setugne,M,Amharic,,,
Seynab,F,Somali,,,
Seyoum,M,Amharic,,,
Shaadiyya,F,Somali,,,
Shacbaan,M,Somali,,,
Shani,F,Swahili,,,
Shareu,M,Amharic,,,
Shariif,M,Somali,,,
Sharmaarke,M,Somali,,,
Sharmarke,M,Eastern African,,,
Sharmarke,M,Somali,,,
Shebashi,M,Amharic,,,
Sheekh,M,Somali,,,
Shermarke,M,Somali,,,
Sibagege,F,Nyakyusa,,,
Siciid,M,Somali,,,
Sileshi,M,Ethiopian,,,
Simera,F,Arabic,Amharic,Ethiopian,
Simo,F,Kaguru,,,
Sinedu,F,Eastern African,,,
Sinesa,F,Haya,,,
Sintayehu,F,Ethiopian,,,
Sisaye,F,Amharic,,,
Sitota,M,Amharic,,,
Siyade,F,Ethiopian,,,
Siyoum,M,Amharic,Ethiopian,,
Skolastika,F,Indonesian,Swahili,Bulgarian,Croatian
Sofuyanis,M,Ethiopian,,,
Solomoni,M,Nyakyusa,,,
Sooyaan,M,Somali,,,
Subilaga,F,Nyakyusa,,,
Sufyaan,M,Somali,,,
Sugaal,M,Somali,,,
Suleekha,F,Somali,,,
Suleymaan,M,Somali,,,
Sungara,F,Swahili,,,
Suubban,F,Somali,,,
Swala,F,Swahili,,,
Sylidio,M,Eastern African,,,
Taban,M,Somali,Ugandan,,
Tafachi,F,Amharic,,,
Tafarri,M,Amharic,,,
Taitu,F,Ethiopian,,,
Takatifu,M,Swahili,,,
Takola,M,Amharic,,,
Tamasgan,M,Amharic,,,
Tambika,F,Swahili,,,
Tamirat,M,Amharic,,,
Tamre,M,Amharic,,,
Tamu,F,Swahili,,,
Tasfaye,M,Amharic,,,
Tashome,M,Ethiopian,,,
Ta-Tanisha,F,Swahili,,,
Tavavich,F,Amharic,,,
Tchaka,M,Amharic,,,
Tebege,M,Amharic,,,
Tebike,M,Amharic,,,
Tedros,M,Amharic,Ge'ez,,
Teferi,M,Amharic,,,
Tenesaye,F,Amharic,,,
Teru,F,Ethiopian,,,
Teruworq,F,Amharic,,,
Tesame,F,Amharic,,,
Tesfalem,M,Tigrinya,,,
Tesfalem,M,Amharic,,,
Tesfamariam,M,Eastern African,Amharic,,
Teshale,M,Amharic,,,
Teshome,M,Eastern African,Amharic,,
Tessama,M,Amharic,,,
Tessema,M,Amharic,,,
Tewolde,M,Ethiopian,,,
Tigist,F,Amharic,,,
Tigisti,F,Tigrinya,,,
Tiifu,M,Ganda,,,
Tiki,F,Ethiopian,,,
Tirfi,F,Amharic,Ethiopian,,
Tiruneh,M,Amharic,,,
Tirunesh,F,Ethiopian,,,
Tissa,F,Somali,,,
Tizazu,M,Amharic,,,
Tizita,F,Eastern African,Amharic,Ethiopian,
Totit,F,Amharic,,,
Tseday,F,Ethiopian,,,
Tuere,F,Swahili,,,
Tukufu,M,Swahili,,,
Tukuswiga,M,Nyakyusa,,,
Tumai,F,Eastern African,,,
Tumas,M,Arabic,Somali,,
Tumbopile,F,Nyakyusa,,,
Tumwimbilege,F,Nyakyusa,,,
Tungibwaga,M,Nyakyusa,,,
Ubax,F,Somali,,,
Ubena,M,Eastern African,,,
Udeera,F,Swahili,,,
Ugbaad,F,Somali,,,
Ugbad,F,Somali,,,
Uhuru,M,Swahili,,,
Umande,F,Swahili,,,
Umoja,F,Swahili,,,
Undule,M,Nyakyusa,,,
Unetu,M,Amharic,,,
Urgessa,M,Ethiopian,,,
Ursala,F,Eastern African,,,
Ushindi,M,Swahili,,,
Usiku,M,Swahili,,,
Ussen,M,Amharic,,,
Waaberi,M,Somali,,,
Wacuka,F,Kikuyu,,,
Wagaye,F,Amharic,,,
Waitherero,F,Kikuyu,,,
Wakasha,F,Eastern African ,,,
Wakonta,F,Eastern African,,,
Wang?,F,Kikuyu,,,
Wanhija,F,Kaguru,,,
Wanja,F,Kikuyu,,,
Wanj?ra,F,Kikuyu,,,
Wanjiru,F,Kikuyu,,,
Wari,M,Amharic,,,
Waridi,F,Swahili,,,
Warigia,F,Kikuyu,,,
Waris,F,Somali,,,
Warsame,M,Somali,,,
Warsan,F,Somali,,,
War?g?r?,F,Kikuyu,,,
Waseme,F,Swahili,,,
Weheliye,M,Somali,,,
Werede,M,Amharic,,,
Werik'I,F,Eastern African,Amharic,,
Wetati,F,Amharic,,,
Wetukis,M,Ethiopian,,,
Wibi,F,Amharic,,,
Widdineh,M,Amharic,,,
Widi,F,Amharic,,,
Wiha,F,Amharic,,,
Winta,F,Amharic,Tigrinya,,
Wodaje,M,Amharic,,,
Wondim,M,Amharic,,,
Wondimagegnenu,M,Amharic,,,
Woubishet,M,Amharic,,,
Wubete,F,Ethiopian,,,
Xaabsade,M,Somali,,,
Xaadsan,F,Somali,,,
Xaaji,M,Somali,,,
Xalane,M,Somali,,,
Xaliimo,F,Somali,,,
Xalwo,F,Somali,,,
Xamiid,M,Somali,,,
Xanaan,F,Somali,,,
Xareed,M,Somali,,,
Xasna,F,Somali,,,
Xidig,M,Somali,,,
Xirsi,M,Somali,,,
Xuseen,M,Somali,,,
Yaasmiin,F,Somali,,,
Yacob,M,Ethiopian,,,
Yacquub,M,Somali,,,
Yahye,M,Somali,,,
Yakobo,M,Swahili,,,
Yäm'Ata,M,Eastern African,,,
Yar,F,Dinka,,,
Yashimmabet,F,Amharic,,,
Yasmiin,F,Somali,,,
Yaso,F,Eastern African,Central African,,
Yasoy,M,Eastern African,,,
Yaxye,M,Somali,,,
Yayehirad,F,Amharic,,,
Yealem Tsehay,F,Amharic,,,
Yelma,M,Amharic,,,
Yemar,M,Amharic,,,
Yenasu,M,Amharic,,,
Yergu,M,Amharic,,,
Yeshi,F,Amharic,,,
Yeshiemebet,F,Amharic,,,
Yesine,F,Amharic,,,
Yetbarak,M,Amharic,,,
Yewondwossen,M,Amharic,,,
Yidnekatchew,M,Amharic,,,
Yirdaw,M,Amharic,,,
Yodit,F,Ethiopian,,,
Yohana,M,Swahili,,,
Yohane,M,Swahili,,,
Yohanna,F,Amharic,Swedish,Nigerian,
Yonasani,M,Kiga,,,
Yoonis,M,Somali,,,
Yooxanaa,M,Somali,,,
Yorusalem,F,Tigrinya,,,
Yostima,F,Ethiopian,,,
Yosuf,M,Amharic,,,
Yulitta,F,Indonesian,Eastern African,,
Yuna,F,Eastern African,,,
Zahnya,F,Swahili,,,
Zahur,M,Swahili,,,
Zaituni,F,Swahili,Indonesian,,
Zakaryas,M,Amharic,,,
Zakiyos,M,Amharic,,,
Zamanu,M,Amharic,,,
Zannabach,F,Amharic,,,
Zawadi,F,Swahili,,,
Zawditu,F,Amharic,,,
Zawe,F,Eastern African,,,
Zawedde,F,Eastern African,,,
Zazi,F,Eastern African,,,
Zefrin,M,Eastern African,,,
Zegeye,M,Amharic,,,
Zeituni,F,Eastern African,,,
Zelleke,M,Amharic,,,
Zenabu,M,Amharic,,,
Zende,M,Swahili,,,
Zennash,F,Amharic,,,
Zerebruk,M,Ethiopian,,,
Zeresenay,M,Eastern African,,,
Zerezghi,M,Ethiopian,,,
Zerihun,M,Ethiopian,,,
Zerjacob,M,Ethiopian,,,
Zeudi,F,Tigrinya,,,
Zewditu,F,Eastern African,Amharic,,
Zina,F,Amharic,,,
Zuhri,M,Swahili,,,
Zuwena,F,Swahili,,,
Zwatie,M,Swahili,,,
Addis,F,Amharic,Ethiopian,,
Adongo,M,Luo,,,
Almaz,M,Kazakh,Kyrgyz,Bashkir,Tatar
Amanyire,F,Eastern African,Nyoro,Tooro,Nkore
Ambelu,M,Amharic,,,
Angalia,F,Swahili ,,,
Asaba,M,Tooro,,,
Aturinda,M,Eastern African,Nkore,,
Bahari,F,Swahili,,,
Bahati,F,Eastern African,,,
Beraki,F,Amharic,,,
Bereket,M,Eastern African,Amharic,,
Bethlehem,F,Judeo-Christian Legend,Biblical,,
Bol,M,Dinka,,,
Chuki,F,Swahili,,,
Demere,M,Ethiopian,,,
Endalkachew,M,Amharic,,,
Enzi,F,Swahili,,,
Fahari,M,Swahili,,,
Fanta,F,Eastern African,Western African,,
Faraja,F,Swahili,,,
Fewesi,F,Amharic,,,
Filsan,F,Somali,,,
Fitsum,M,Amharic,,,
Guenet,M,Amharic,,,
Guled,M,Somali,,,
Habon,F,Somali,Spanish,,
Habte,M,Ethiopian,,,
Hekima,F,Swahili,,,
Idili,F,Amharic,,,
Iimaan,F,Somali,,,
Jiinow,M,Somali,,,
Judishy,M,Kikuyu,,,
Kabinda,M,Luhya,,,
Kalkidan,F,Amharic,,,
Kamari,M,Eastern African,Swahili,,
Kaombwe,F,Swahili,,,
Karugendo,M,Haya,,,
Kebra,F,Eastern African,Ge'ez,,
Kenyatta,F,Eastern African,,,
Kiburi,F,Swahili,,,
Kijana,M,Swahili,,,
Kizza,M,Ganda,,,
Lebna,F,Amharic,,,
Lelu,F,Eastern African,Indonesian,Chinese,Western African
Livin,M,Eastern African ,Indian ,,
Makini,M,Swahili,,,
Maru,M,Amharic,,,
Matulumi,M,Kaguru,,,
Medius,F,Eastern African,,,
Meseret,F,Eastern African,Amharic,,
Mugeni,M,Kaguru,,,
Nasi,F,Amharic,,,
Niyoyita,M,Rwandan,,,
Nuur,F,Arabic,Somali,,
Nyoka,F,Swahili,,,
Rafiki,M,Eastern African,Popular Culture,,
Rua,M,Swahili,,,
Safari,F,Swahili,,,
Samora,M,Central African,Eastern African,,
Selam,F,Eastern African,Amharic,,
Semhar,F,Tigrinya,,,
Shida,M,Swahili,Persian,,
Shumbusho,F,Rwandan,,,
Sifa,M,Swahili,,,
Suubi,F,Eastern African,,,
Tatu,M,Swahili,,,
Tesifa,F,Amharic,,,
Tisa,M,Swahili,,,
Tufani,F,Swahili,,,
Yordanos,F,Ethiopian,,,
Zaitun,F,Swahili,Malay,Indonesian,
Zamzam,F,Arabic,Somali,Indonesian,
Zula,M,Tigrinya,,,
Addis,M,Amharic,Ethiopian,,
Adongo,F,Luo,,,
Almaz,F,Kazakh,Kyrgyz,Bashkir,Tatar
Amanyire,M,Eastern African,Nyoro,Tooro,Nkore
Ambelu,F,Amharic,,,
Angalia,M,Swahili ,,,
Asaba,F,Tooro,,,
Aturinda,F,Eastern African,Nkore,,
Bahari,M,Swahili,,,
Bahati,M,Eastern African,,,
Beraki,M,Amharic,,,
Bereket,F,Eastern African,Amharic,,
Bethlehem,M,Judeo-Christian Legend,Biblical,,
Bol,F,Dinka,,,
Chuki,M,Swahili,,,
Demere,F,Ethiopian,,,
Endalkachew,F,Amharic,,,
Enzi,M,Swahili,,,
Fahari,F,Swahili,,,
Fanta,M,Eastern African,Western African,Western African,
Faraja,M,Swahili,,,
Fewesi,M,Amharic,,,
Filsan,M,Somali,,,
Fitsum,F,Amharic,,,
Guenet,F,Amharic,,,
Guled,F,Somali,,,
Habon,M,Somali,Spanish,,
Habte,F,Ethiopian,,,
Hekima,M,Swahili,,,
Idili,M,Amharic,,,
Iimaan,M,Somali,,,
Jiinow,F,Somali,,,
Judishy,F,Kikuyu,,,
Kabinda,F,Luhya,,,
Kalkidan,M,Amharic,,,
Kamari,F,Eastern African,Swahili,,
Kaombwe,M,Swahili,,,
Karugendo,F,Haya,,,
Kebra,M,Eastern African,Ge'ez,,
Kenyatta,M,Eastern African,,,
Kiburi,M,Swahili,,,
Kijana,F,Swahili,,,
Kizza,F,Ganda,,,
Lebna,M,Amharic,,,
Lelu,M,Eastern African,Indonesian,Chinese,Western African
Livin,F,Eastern African ,Indian ,,
Makini,F,Swahili,,,
Maru,F,Amharic,,,
Matulumi,F,Kaguru,,,
Medius,M,Eastern African,,,
Meseret,M,Eastern African,Amharic,,
Mugeni,F,Kaguru,,,
Nasi,M,Amharic,,,
Niyoyita,F,Rwandan,,,
Nuur,M,Arabic,Somali,,
Nyoka,M,Swahili,,,
Rafiki,F,Eastern African,,,
Rua,F,Swahili,,,
Safari,M,Swahili,,,
Samora,F,Central African,Eastern African,,
Selam,M,Eastern African,Amharic,,
Semhar,M,Tigrinya,,,
Shida,F,Swahili,Persian,,
Shumbusho,M,Rwandan,,,
Sifa,F,Swahili,,,
Suubi,M,Eastern African,,,
Tatu,F,Swahili,,,
Tesifa,M,Amharic,,,
Tisa,F,Swahili,,,
Tufani,M,Swahili,,,
Yordanos,M,Ethiopian,,,
Zaitun,M,Swahili,Malay,Indonesian,
Zamzam,M,Arabic,Somali,Indonesian,
Zula,F,Tigrinya,,,
